<?xml version="1.0" encoding="UTF-8"?>
<project xmlns="http://maven.apache.org/POM/4.0.0" xmlns:xsi="http://www.w3.org/2001/XMLSchema-instance" xsi:schemaLocation="http://maven.apache.org/POM/4.0.0 http://maven.apache.org/maven-v4_0_0.xsd">
  <parent>
    <artifactId>maps-motherpom</artifactId>
    <groupId>org.gbif.maps</groupId>
    <version>0.1-SNAPSHOT</version>
  </parent>
  <modelVersion>4.0.0</modelVersion>
  <artifactId>spark-process</artifactId>
  <build>
    <pluginManagement>
      <plugins>
        <plugin>
          <groupId>net.alchim31.maven</groupId>
          <artifactId>scala-maven-plugin</artifactId>
          <version>3.2.1</version>
        </plugin>
        <plugin>
          <artifactId>maven-compiler-plugin</artifactId>
          <version>2.0.2</version>
        </plugin>
      </plugins>
    </pluginManagement>
    <plugins>
      <plugin>
        <artifactId>maven-compiler-plugin</artifactId>
        <executions>
          <execution>
            <phase>compile</phase>
            <goals>
              <goal>compile</goal>
            </goals>
          </execution>
        </executions>
      </plugin>
      <plugin>
        <artifactId>maven-surefire-plugin</artifactId>
        <version>2.7</version>
        <configuration>
          <skipTests>true</skipTests>
        </configuration>
      </plugin>
      <plugin>
        <groupId>org.scalatest</groupId>
        <artifactId>scalatest-maven-plugin</artifactId>
        <version>1.0</version>
        <executions>
          <execution>
            <id>test</id>
            <goals>
              <goal>test</goal>
            </goals>
          </execution>
        </executions>
        <configuration>
          <reportsDirectory>${project.build.directory}/surefire-reports</reportsDirectory>
          <junitxml>.</junitxml>
          <filereports>WDF TestSuite.txt</filereports>
        </configuration>
      </plugin>
      <plugin>
        <groupId>net.alchim31.maven</groupId>
        <artifactId>scala-maven-plugin</artifactId>
        <version>3.2.0</version>
        <executions>
          <execution>
            <goals>
              <goal>compile</goal>
              <goal>testCompile</goal>
            </goals>
            <configuration>
              <args>
                <arg>-dependencyfile</arg>
                <arg>${project.build.directory}/.scala_dependencies</arg>
              </args>
            </configuration>
          </execution>
        </executions>
      </plugin>
      <plugin>
        <artifactId>maven-shade-plugin</artifactId>
        <version>2.3</version>
        <executions>
          <execution>
            <phase>package</phase>
            <goals>
              <goal>shade</goal>
            </goals>
          </execution>
        </executions>
      </plugin>
    </plugins>
  </build>
  <profiles>
    <profile>
      <id>ide</id>
      <dependencies>
        <dependency>
          <groupId>org.apache.hadoop</groupId>
          <artifactId>hadoop-common</artifactId>
          <exclusions>
            <exclusion>
              <artifactId>*</artifactId>
              <groupId>javax.servlet</groupId>
            </exclusion>
          </exclusions>
        </dependency>
        <dependency>
          <groupId>org.apache.hadoop</groupId>
          <artifactId>hadoop-mapreduce-client-core</artifactId>
          <exclusions>
            <exclusion>
              <artifactId>*</artifactId>
              <groupId>javax.servlet</groupId>
            </exclusion>
          </exclusions>
        </dependency>
        <dependency>
          <groupId>org.apache.hadoop</groupId>
          <artifactId>hadoop-yarn-api</artifactId>
        </dependency>
        <dependency>
          <groupId>org.apache.hbase</groupId>
          <artifactId>hbase-client</artifactId>
          <exclusions>
            <exclusion>
              <artifactId>*</artifactId>
              <groupId>javax.servlet</groupId>
            </exclusion>
          </exclusions>
        </dependency>
        <dependency>
          <groupId>org.apache.hbase</groupId>
          <artifactId>hbase-server</artifactId>
          <exclusions>
            <exclusion>
              <artifactId>*</artifactId>
              <groupId>org.mortbay.jetty</groupId>
            </exclusion>
            <exclusion>
              <artifactId>*</artifactId>
              <groupId>javax.servlet</groupId>
            </exclusion>
          </exclusions>
        </dependency>
        <dependency>
          <groupId>org.scala-lang</groupId>
          <artifactId>scala-library</artifactId>
        </dependency>
        <dependency>
          <groupId>org.apache.spark</groupId>
          <artifactId>spark-core_${scala.tools.version}</artifactId>
        </dependency>
        <dependency>
          <groupId>org.apache.spark</groupId>
          <artifactId>spark-sql_${scala.tools.version}</artifactId>
        </dependency>
      </dependencies>
    </profile>
  </profiles>
  <dependencies>
    <dependency>
      <groupId>org.apache.hadoop</groupId>
      <artifactId>hadoop-common</artifactId>
      <version>2.6.0-cdh5.4.10</version>
      <scope>provided</scope>
      <exclusions>
        <exclusion>
          <artifactId>*</artifactId>
          <groupId>javax.servlet</groupId>
        </exclusion>
        <exclusion>
          <artifactId>*</artifactId>
          <groupId>org.codehaus.jackson</groupId>
        </exclusion>
        <exclusion>
          <artifactId>hadoop-annotations</artifactId>
          <groupId>org.apache.hadoop</groupId>
        </exclusion>
        <exclusion>
          <artifactId>commons-math3</artifactId>
          <groupId>org.apache.commons</groupId>
        </exclusion>
        <exclusion>
          <artifactId>xmlenc</artifactId>
          <groupId>xmlenc</groupId>
        </exclusion>
        <exclusion>
          <artifactId>commons-httpclient</artifactId>
          <groupId>commons-httpclient</groupId>
        </exclusion>
        <exclusion>
          <artifactId>commons-codec</artifactId>
          <groupId>commons-codec</groupId>
        </exclusion>
        <exclusion>
          <artifactId>commons-net</artifactId>
          <groupId>commons-net</groupId>
        </exclusion>
        <exclusion>
          <artifactId>jetty</artifactId>
          <groupId>org.mortbay.jetty</groupId>
        </exclusion>
        <exclusion>
          <artifactId>jetty-util</artifactId>
          <groupId>org.mortbay.jetty</groupId>
        </exclusion>
        <exclusion>
          <artifactId>jersey-core</artifactId>
          <groupId>com.sun.jersey</groupId>
        </exclusion>
        <exclusion>
          <artifactId>jersey-json</artifactId>
          <groupId>com.sun.jersey</groupId>
        </exclusion>
        <exclusion>
          <artifactId>jersey-server</artifactId>
          <groupId>com.sun.jersey</groupId>
        </exclusion>
        <exclusion>
          <artifactId>jasper-compiler</artifactId>
          <groupId>tomcat</groupId>
        </exclusion>
        <exclusion>
          <artifactId>jasper-runtime</artifactId>
          <groupId>tomcat</groupId>
        </exclusion>
        <exclusion>
          <artifactId>jsp-api</artifactId>
          <groupId>javax.servlet.jsp</groupId>
        </exclusion>
        <exclusion>
          <artifactId>commons-el</artifactId>
          <groupId>commons-el</groupId>
        </exclusion>
        <exclusion>
          <artifactId>log4j</artifactId>
          <groupId>log4j</groupId>
        </exclusion>
        <exclusion>
          <artifactId>jets3t</artifactId>
          <groupId>net.java.dev.jets3t</groupId>
        </exclusion>
        <exclusion>
          <artifactId>commons-configuration</artifactId>
          <groupId>commons-configuration</groupId>
        </exclusion>
        <exclusion>
          <artifactId>slf4j-log4j12</artifactId>
          <groupId>org.slf4j</groupId>
        </exclusion>
        <exclusion>
          <artifactId>avro</artifactId>
          <groupId>org.apache.avro</groupId>
        </exclusion>
        <exclusion>
          <artifactId>gson</artifactId>
          <groupId>com.google.code.gson</groupId>
        </exclusion>
        <exclusion>
          <artifactId>hadoop-auth</artifactId>
          <groupId>org.apache.hadoop</groupId>
        </exclusion>
        <exclusion>
          <artifactId>jsch</artifactId>
          <groupId>com.jcraft</groupId>
        </exclusion>
        <exclusion>
          <artifactId>curator-client</artifactId>
          <groupId>org.apache.curator</groupId>
        </exclusion>
        <exclusion>
          <artifactId>curator-recipes</artifactId>
          <groupId>org.apache.curator</groupId>
        </exclusion>
        <exclusion>
          <artifactId>htrace-core</artifactId>
          <groupId>org.htrace</groupId>
        </exclusion>
        <exclusion>
          <artifactId>zookeeper</artifactId>
          <groupId>org.apache.zookeeper</groupId>
        </exclusion>
        <exclusion>
          <artifactId>commons-compress</artifactId>
          <groupId>org.apache.commons</groupId>
        </exclusion>
      </exclusions>
    </dependency>
    <dependency>
      <groupId>org.apache.hadoop</groupId>
      <artifactId>hadoop-mapreduce-client-core</artifactId>
      <version>2.6.0-cdh5.4.10</version>
      <scope>provided</scope>
      <exclusions>
        <exclusion>
          <artifactId>*</artifactId>
          <groupId>javax.servlet</groupId>
        </exclusion>
        <exclusion>
          <artifactId>hadoop-yarn-common</artifactId>
          <groupId>org.apache.hadoop</groupId>
        </exclusion>
        <exclusion>
          <artifactId>guice-servlet</artifactId>
          <groupId>com.google.inject.extensions</groupId>
        </exclusion>
        <exclusion>
          <artifactId>netty</artifactId>
          <groupId>io.netty</groupId>
        </exclusion>
        <exclusion>
          <artifactId>avro</artifactId>
          <groupId>org.apache.avro</groupId>
        </exclusion>
        <exclusion>
          <artifactId>slf4j-log4j12</artifactId>
          <groupId>org.slf4j</groupId>
        </exclusion>
        <exclusion>
          <artifactId>hadoop-annotations</artifactId>
          <groupId>org.apache.hadoop</groupId>
        </exclusion>
      </exclusions>
    </dependency>
    <dependency>
      <groupId>org.apache.hadoop</groupId>
      <artifactId>hadoop-yarn-api</artifactId>
      <version>2.6.0-cdh5.4.10</version>
      <scope>provided</scope>
      <exclusions>
        <exclusion>
          <artifactId>hadoop-annotations</artifactId>
          <groupId>org.apache.hadoop</groupId>
        </exclusion>
      </exclusions>
    </dependency>
    <dependency>
      <groupId>org.apache.hbase</groupId>
      <artifactId>hbase-client</artifactId>
      <version>1.0.0-cdh5.4.10</version>
      <scope>provided</scope>
      <exclusions>
        <exclusion>
          <artifactId>*</artifactId>
          <groupId>javax.servlet</groupId>
        </exclusion>
        <exclusion>
          <artifactId>hbase-annotations</artifactId>
          <groupId>org.apache.hbase</groupId>
        </exclusion>
        <exclusion>
          <artifactId>hbase-common</artifactId>
          <groupId>org.apache.hbase</groupId>
        </exclusion>
        <exclusion>
          <artifactId>hbase-protocol</artifactId>
          <groupId>org.apache.hbase</groupId>
        </exclusion>
        <exclusion>
          <artifactId>htrace-core</artifactId>
          <groupId>org.apache.htrace</groupId>
        </exclusion>
        <exclusion>
          <artifactId>jackson-mapper-asl</artifactId>
          <groupId>org.codehaus.jackson</groupId>
        </exclusion>
        <exclusion>
          <artifactId>jcodings</artifactId>
          <groupId>org.jruby.jcodings</groupId>
        </exclusion>
        <exclusion>
          <artifactId>joni</artifactId>
          <groupId>org.jruby.joni</groupId>
        </exclusion>
        <exclusion>
          <artifactId>findbugs-annotations</artifactId>
          <groupId>com.github.stephenc.findbugs</groupId>
        </exclusion>
        <exclusion>
          <artifactId>junit</artifactId>
          <groupId>junit</groupId>
        </exclusion>
        <exclusion>
          <artifactId>commons-codec</artifactId>
          <groupId>commons-codec</groupId>
        </exclusion>
        <exclusion>
          <artifactId>netty</artifactId>
          <groupId>io.netty</groupId>
        </exclusion>
        <exclusion>
          <artifactId>zookeeper</artifactId>
          <groupId>org.apache.zookeeper</groupId>
        </exclusion>
        <exclusion>
          <artifactId>hadoop-auth</artifactId>
          <groupId>org.apache.hadoop</groupId>
        </exclusion>
        <exclusion>
          <artifactId>hadoop-annotations</artifactId>
          <groupId>org.apache.hadoop</groupId>
        </exclusion>
      </exclusions>
    </dependency>
    <dependency>
      <groupId>org.apache.hbase</groupId>
      <artifactId>hbase-server</artifactId>
      <version>1.0.0-cdh5.4.10</version>
      <scope>provided</scope>
      <exclusions>
        <exclusion>
          <artifactId>*</artifactId>
          <groupId>org.mortbay.jetty</groupId>
        </exclusion>
        <exclusion>
          <artifactId>*</artifactId>
          <groupId>javax.servlet</groupId>
        </exclusion>
        <exclusion>
          <artifactId>hbase-prefix-tree</artifactId>
          <groupId>org.apache.hbase</groupId>
        </exclusion>
        <exclusion>
          <artifactId>hbase-hadoop-compat</artifactId>
          <groupId>org.apache.hbase</groupId>
        </exclusion>
        <exclusion>
          <artifactId>hbase-hadoop2-compat</artifactId>
          <groupId>org.apache.hbase</groupId>
        </exclusion>
        <exclusion>
          <artifactId>metrics-core</artifactId>
          <groupId>com.yammer.metrics</groupId>
        </exclusion>
        <exclusion>
          <artifactId>high-scale-lib</artifactId>
          <groupId>com.github.stephenc.high-scale-lib</groupId>
        </exclusion>
        <exclusion>
          <artifactId>commons-math</artifactId>
          <groupId>org.apache.commons</groupId>
        </exclusion>
        <exclusion>
          <artifactId>jackson-core-asl</artifactId>
          <groupId>org.codehaus.jackson</groupId>
        </exclusion>
        <exclusion>
          <artifactId>jackson-jaxrs</artifactId>
          <groupId>org.codehaus.jackson</groupId>
        </exclusion>
        <exclusion>
          <artifactId>jamon-runtime</artifactId>
          <groupId>org.jamon</groupId>
        </exclusion>
        <exclusion>
          <artifactId>jaxb-api</artifactId>
          <groupId>javax.xml.bind</groupId>
        </exclusion>
        <exclusion>
          <artifactId>disruptor</artifactId>
          <groupId>com.lmax</groupId>
        </exclusion>
        <exclusion>
          <artifactId>hamcrest-core</artifactId>
          <groupId>org.hamcrest</groupId>
        </exclusion>
        <exclusion>
          <artifactId>hadoop-core</artifactId>
          <groupId>org.apache.hadoop</groupId>
        </exclusion>
        <exclusion>
          <artifactId>hadoop-hdfs</artifactId>
          <groupId>org.apache.hadoop</groupId>
        </exclusion>
        <exclusion>
          <artifactId>hadoop-hdfs</artifactId>
          <groupId>org.apache.hadoop</groupId>
        </exclusion>
        <exclusion>
          <artifactId>hbase-common</artifactId>
          <groupId>org.apache.hbase</groupId>
        </exclusion>
        <exclusion>
          <artifactId>hbase-protocol</artifactId>
          <groupId>org.apache.hbase</groupId>
        </exclusion>
        <exclusion>
          <artifactId>commons-httpclient</artifactId>
          <groupId>commons-httpclient</groupId>
        </exclusion>
        <exclusion>
          <artifactId>jersey-core</artifactId>
          <groupId>com.sun.jersey</groupId>
        </exclusion>
        <exclusion>
          <artifactId>jersey-server</artifactId>
          <groupId>com.sun.jersey</groupId>
        </exclusion>
        <exclusion>
          <artifactId>log4j</artifactId>
          <groupId>log4j</groupId>
        </exclusion>
        <exclusion>
          <artifactId>jackson-mapper-asl</artifactId>
          <groupId>org.codehaus.jackson</groupId>
        </exclusion>
        <exclusion>
          <artifactId>jasper-compiler</artifactId>
          <groupId>tomcat</groupId>
        </exclusion>
        <exclusion>
          <artifactId>jasper-runtime</artifactId>
          <groupId>tomcat</groupId>
        </exclusion>
        <exclusion>
          <artifactId>jersey-json</artifactId>
          <groupId>com.sun.jersey</groupId>
        </exclusion>
        <exclusion>
          <artifactId>htrace-core</artifactId>
          <groupId>org.apache.htrace</groupId>
        </exclusion>
        <exclusion>
          <artifactId>findbugs-annotations</artifactId>
          <groupId>com.github.stephenc.findbugs</groupId>
        </exclusion>
        <exclusion>
          <artifactId>junit</artifactId>
          <groupId>junit</groupId>
        </exclusion>
        <exclusion>
          <artifactId>commons-codec</artifactId>
          <groupId>commons-codec</groupId>
        </exclusion>
        <exclusion>
          <artifactId>zookeeper</artifactId>
          <groupId>org.apache.zookeeper</groupId>
        </exclusion>
        <exclusion>
          <artifactId>hadoop-auth</artifactId>
          <groupId>org.apache.hadoop</groupId>
        </exclusion>
        <exclusion>
          <artifactId>hadoop-annotations</artifactId>
          <groupId>org.apache.hadoop</groupId>
        </exclusion>
      </exclusions>
    </dependency>
    <dependency>
      <groupId>org.scala-lang</groupId>
      <artifactId>scala-library</artifactId>
      <version>2.10.4</version>
      <scope>provided</scope>
    </dependency>
    <dependency>
      <groupId>org.apache.spark</groupId>
      <artifactId>spark-core_2.10</artifactId>
      <version>1.6.1</version>
      <scope>provided</scope>
      <exclusions>
        <exclusion>
          <artifactId>avro-mapred</artifactId>
          <groupId>org.apache.avro</groupId>
        </exclusion>
        <exclusion>
          <artifactId>chill_2.10</artifactId>
          <groupId>com.twitter</groupId>
        </exclusion>
        <exclusion>
          <artifactId>chill-java</artifactId>
          <groupId>com.twitter</groupId>
        </exclusion>
        <exclusion>
          <artifactId>xbean-asm5-shaded</artifactId>
          <groupId>org.apache.xbean</groupId>
        </exclusion>
        <exclusion>
          <artifactId>hadoop-client</artifactId>
          <groupId>org.apache.hadoop</groupId>
        </exclusion>
        <exclusion>
          <artifactId>spark-launcher_2.10</artifactId>
          <groupId>org.apache.spark</groupId>
        </exclusion>
        <exclusion>
          <artifactId>spark-network-common_2.10</artifactId>
          <groupId>org.apache.spark</groupId>
        </exclusion>
        <exclusion>
          <artifactId>spark-network-shuffle_2.10</artifactId>
          <groupId>org.apache.spark</groupId>
        </exclusion>
        <exclusion>
          <artifactId>spark-unsafe_2.10</artifactId>
          <groupId>org.apache.spark</groupId>
        </exclusion>
        <exclusion>
          <artifactId>javax.servlet</artifactId>
          <groupId>org.eclipse.jetty.orbit</groupId>
        </exclusion>
        <exclusion>
          <artifactId>jul-to-slf4j</artifactId>
          <groupId>org.slf4j</groupId>
        </exclusion>
        <exclusion>
          <artifactId>jcl-over-slf4j</artifactId>
          <groupId>org.slf4j</groupId>
        </exclusion>
        <exclusion>
          <artifactId>compress-lzf</artifactId>
          <groupId>com.ning</groupId>
        </exclusion>
        <exclusion>
          <artifactId>snappy-java</artifactId>
          <groupId>org.xerial.snappy</groupId>
        </exclusion>
        <exclusion>
          <artifactId>lz4</artifactId>
          <groupId>net.jpountz.lz4</groupId>
        </exclusion>
        <exclusion>
          <artifactId>RoaringBitmap</artifactId>
          <groupId>org.roaringbitmap</groupId>
        </exclusion>
        <exclusion>
          <artifactId>akka-remote_2.10</artifactId>
          <groupId>com.typesafe.akka</groupId>
        </exclusion>
        <exclusion>
          <artifactId>akka-slf4j_2.10</artifactId>
          <groupId>com.typesafe.akka</groupId>
        </exclusion>
        <exclusion>
          <artifactId>json4s-jackson_2.10</artifactId>
          <groupId>org.json4s</groupId>
        </exclusion>
        <exclusion>
          <artifactId>mesos</artifactId>
          <groupId>org.apache.mesos</groupId>
        </exclusion>
        <exclusion>
          <artifactId>netty-all</artifactId>
          <groupId>io.netty</groupId>
        </exclusion>
        <exclusion>
          <artifactId>stream</artifactId>
          <groupId>com.clearspring.analytics</groupId>
        </exclusion>
        <exclusion>
          <artifactId>metrics-core</artifactId>
          <groupId>io.dropwizard.metrics</groupId>
        </exclusion>
        <exclusion>
          <artifactId>metrics-jvm</artifactId>
          <groupId>io.dropwizard.metrics</groupId>
        </exclusion>
        <exclusion>
          <artifactId>metrics-json</artifactId>
          <groupId>io.dropwizard.metrics</groupId>
        </exclusion>
        <exclusion>
          <artifactId>metrics-graphite</artifactId>
          <groupId>io.dropwizard.metrics</groupId>
        </exclusion>
        <exclusion>
          <artifactId>jackson-databind</artifactId>
          <groupId>com.fasterxml.jackson.core</groupId>
        </exclusion>
        <exclusion>
          <artifactId>jackson-module-scala_2.10</artifactId>
          <groupId>com.fasterxml.jackson.module</groupId>
        </exclusion>
        <exclusion>
          <artifactId>ivy</artifactId>
          <groupId>org.apache.ivy</groupId>
        </exclusion>
        <exclusion>
          <artifactId>oro</artifactId>
          <groupId>oro</groupId>
        </exclusion>
        <exclusion>
          <artifactId>tachyon-client</artifactId>
          <groupId>org.tachyonproject</groupId>
        </exclusion>
        <exclusion>
          <artifactId>pyrolite</artifactId>
          <groupId>net.razorvine</groupId>
        </exclusion>
        <exclusion>
          <artifactId>py4j</artifactId>
          <groupId>net.sf.py4j</groupId>
        </exclusion>
        <exclusion>
          <artifactId>unused</artifactId>
          <groupId>org.spark-project.spark</groupId>
        </exclusion>
        <exclusion>
          <artifactId>jets3t</artifactId>
          <groupId>net.java.dev.jets3t</groupId>
        </exclusion>
        <exclusion>
          <artifactId>curator-recipes</artifactId>
          <groupId>org.apache.curator</groupId>
        </exclusion>
        <exclusion>
          <artifactId>commons-math3</artifactId>
          <groupId>org.apache.commons</groupId>
        </exclusion>
        <exclusion>
          <artifactId>commons-net</artifactId>
          <groupId>commons-net</groupId>
        </exclusion>
        <exclusion>
          <artifactId>log4j</artifactId>
          <groupId>log4j</groupId>
        </exclusion>
        <exclusion>
          <artifactId>slf4j-log4j12</artifactId>
          <groupId>org.slf4j</groupId>
        </exclusion>
        <exclusion>
          <artifactId>jersey-server</artifactId>
          <groupId>com.sun.jersey</groupId>
        </exclusion>
        <exclusion>
          <artifactId>jersey-core</artifactId>
          <groupId>com.sun.jersey</groupId>
        </exclusion>
      </exclusions>
    </dependency>
    <dependency>
      <groupId>org.apache.spark</groupId>
      <artifactId>spark-sql_2.10</artifactId>
      <version>1.6.1</version>
      <scope>provided</scope>
      <exclusions>
        <exclusion>
          <artifactId>spark-catalyst_2.10</artifactId>
          <groupId>org.apache.spark</groupId>
        </exclusion>
        <exclusion>
          <artifactId>parquet-column</artifactId>
          <groupId>org.apache.parquet</groupId>
        </exclusion>
        <exclusion>
          <artifactId>parquet-hadoop</artifactId>
          <groupId>org.apache.parquet</groupId>
        </exclusion>
        <exclusion>
          <artifactId>jackson-databind</artifactId>
          <groupId>com.fasterxml.jackson.core</groupId>
        </exclusion>
        <exclusion>
          <artifactId>unused</artifactId>
          <groupId>org.spark-project.spark</groupId>
        </exclusion>
      </exclusions>
    </dependency>
    <dependency>
      <groupId>org.apache.spark</groupId>
      <artifactId>spark-mllib_2.11</artifactId>
      <version>1.6.1</version>
      <scope>provided</scope>
      <exclusions>
        <exclusion>
          <artifactId>spark-core_2.11</artifactId>
          <groupId>org.apache.spark</groupId>
        </exclusion>
        <exclusion>
          <artifactId>spark-streaming_2.11</artifactId>
          <groupId>org.apache.spark</groupId>
        </exclusion>
        <exclusion>
          <artifactId>spark-sql_2.11</artifactId>
          <groupId>org.apache.spark</groupId>
        </exclusion>
        <exclusion>
          <artifactId>spark-graphx_2.11</artifactId>
          <groupId>org.apache.spark</groupId>
        </exclusion>
        <exclusion>
          <artifactId>breeze_2.11</artifactId>
          <groupId>org.scalanlp</groupId>
        </exclusion>
        <exclusion>
          <artifactId>pmml-model</artifactId>
          <groupId>org.jpmml</groupId>
        </exclusion>
        <exclusion>
          <artifactId>commons-math3</artifactId>
          <groupId>org.apache.commons</groupId>
        </exclusion>
        <exclusion>
          <artifactId>unused</artifactId>
          <groupId>org.spark-project.spark</groupId>
        </exclusion>
      </exclusions>
    </dependency>
    <dependency>
      <groupId>org.scalatest</groupId>
      <artifactId>scalatest-funsuite_2.10</artifactId>
      <version>3.0.0-SNAP13</version>
      <scope>test</scope>
      <exclusions>
        <exclusion>
          <artifactId>scalatest-core_2.10</artifactId>
          <groupId>org.scalatest</groupId>
        </exclusion>
        <exclusion>
          <artifactId>scala-reflect</artifactId>
          <groupId>org.scala-lang</groupId>
        </exclusion>
      </exclusions>
    </dependency>
  </dependencies>
</project>

